name,url,target_html_attr,target_html_value,need_auth_cookie,prev_info
プレステージ,https://www.prestige-av.com/,id,topic_text,yes,"


22.08.12_release.jpg
NEW
2022.08.12
■8/12 発売新作の販売開始！
続きを見る 
				







sinsaku_up.jpg
NEW
2022.08.10
■【2022年9月23日発売】新作情報を公開しました
続きを見る 
				







sinsaku_up.jpg
NEW
2022.08.08
■【2022年9月16日発売】新作情報を公開しました
続きを見る 
				







22.08.05_release.jpg
NEW
2022.08.05
■8/5 発売新作の販売開始！
続きを見る 
				







sinsaku_up.jpg
NEW
2022.08.01
■【2022年9月9日発売】新作情報を公開しました
続きを見る 
				







22.07.29_release.jpg
NEW
2022.07.29
■7/29 発売新作の販売開始！
続きを見る 
				










"
